Name,Stage,Forcefield,Start Time (ps),End Time (ps),Initial Potential Energy (kcal/mol),Total Energy (kcal/mol),Potential Energy (kcal/mol),Kinetic Energy (kcal/mol),Temperature (K),Van der Waals Energy (kcal/mol),Electrostatic Energy (kcal/mol),Initial RMS Gradient (kcal/(mol x A)),Final RMS Gradient (kcal/(mol x A))
B84,Minimization,CHARMm,,,7345186.515,,-65405.340,,,2236.247,-56159.471,85028.068,0.995
B84,Minimization2,CHARMm,,,-65405.340,,-77177.606,,,7127.030,-69777.215,0.995,0.090
B84,Heating,CHARMm,0.000,4.000,-77177.606,-52305.483,-63493.665,11188.182,288.933,4409.484,-55335.872,17.268,16.603
B84,Equilibration,CHARMm,4.000,14.000,-63493.665,-52050.374,-63759.098,11708.723,302.376,4033.006,-54930.637,16.603,16.761
B84,Production,CHARMm,14.000,24.000,-63759.536,-52626.114,-64096.612,11470.498,296.224,4199.680,-55507.352,16.761,16.764
