Name,Stage,Forcefield,Start Time (ps),End Time (ps),Initial Potential Energy (kcal/mol),Total Energy (kcal/mol),Potential Energy (kcal/mol),Kinetic Energy (kcal/mol),Temperature (K),Van der Waals Energy (kcal/mol),Electrostatic Energy (kcal/mol),Initial RMS Gradient (kcal/(mol x A)),Final RMS Gradient (kcal/(mol x A))
B84,Minimization,CHARMm,,,630796.431,,-70593.966,,,2453.321,-61117.684,38057.444,0.980
B84,Minimization2,CHARMm,,,-70593.966,,-82885.284,,,8055.495,-76058.283,0.980,0.100
B84,Heating,CHARMm,0.000,4.000,-82885.284,-56272.373,-68261.187,11988.814,290.148,5185.552,-60139.451,17.479,16.666
B84,Equilibration,CHARMm,4.000,14.000,-68261.187,-56119.708,-68538.715,12419.007,300.559,4932.823,-59803.002,16.666,16.756
B84,Production,CHARMm,14.000,34.000,-68539.000,-56676.350,-69138.067,12461.717,301.593,4871.819,-60350.679,16.755,16.791
